fleurs id,file path,filename,language,lcode,iso 639-3,iso 15924,transcription,romanized transcription,duration
649,/ssd2/sangmin/datasets/fleurs/audios/train/14099302104099246712.wav,14099302104099246712.wav,Ukrainian,ukr_Cyrl,ukr,Cyrl,ми ніколи не зробимо капітальний ремонт автомобіля не побудуємо фонтан на нашому задньому подвір'ї не поїдемо до перу щоби оглянути древні руїни чи не переробимо будинок нашого сусіда,my nikoly ne zrobymo kapitalny remont avtomobilya ne pobuduiemo fontan na nashomu zadnomu podviryi ne poyidemo do peru shchoby ohlyanuty drevni ruyiny chy ne pererobymo budynok nashoho susida,13.26
652,/ssd2/sangmin/datasets/fleurs/audios/train/4259113571069902503.wav,4259113571069902503.wav,Ukrainian,ukr_Cyrl,ukr,Cyrl,як згадувалося вище хоча слово ескімос залишається прийнятним в сша проте багато арктичних народів за межами сша особливо в канаді вважають його зневажливим,yak zhaduvalosya vyshche khocha slovo eskimos zalyshaietsya pryinyatnym v ssha prote bahato arktychnykh narodiv za mezhamy ssha osoblyvo v kanadi vvazhayut ioho znevazhlyvym,12.96
55,/ssd2/sangmin/datasets/fleurs/audios/train/13455482856219860174.wav,13455482856219860174.wav,Ukrainian,ukr_Cyrl,ukr,Cyrl,пітер костелло австралійський скарбник і людина яка швидше за все стане наступником прем'єр-міністра джона ховарда на посаді лідера ліберальної партії кинув свою підтримку атомної енергетики в австралії,piter kostello avstraliysky skarbnyk i lyudyna yaka shvydshe za vse stane nastupnykom premierministra dzhona khovarda na posadi lidera liberalnoyi partiyi kynuv svoyu pidtrymku atomnoyi enerhetyky v avstraliyi,18.48
385,/ssd2/sangmin/datasets/fleurs/audios/train/13877962268126953259.wav,13877962268126953259.wav,Ukrainian,ukr_Cyrl,ukr,Cyrl,після початкових військових невдач етельред зміг домовитися з олафом який повернувся до норвегії щоб спробувати зі змінним успіхом підкорити своє королівство,pislya pochatkovykh viyskovykh nevdach etelred zmih domovytysya z olafom yaky povernuvsya do norvehiyi shchob sprobuvaty zi zminnym uspikhom pidkoryty svoie korolivstvo,14.52
91,/ssd2/sangmin/datasets/fleurs/audios/train/17366273064659983647.wav,17366273064659983647.wav,Ukrainian,ukr_Cyrl,ukr,Cyrl,на цей час ми не знаємо які обвинувачення будуть висунуті або що вивело органи влади на цього хлопця але у федеральному суді вже розпочалося провадження у справах неповнолітніх,na tsei chas my ne znaiemo yaki obvynuvachennya budut vysunuti abo shcho vyvelo orhany vlady na tsoho khloptsya ale u federalnomu sudi vzhe rozpochalosya provadzhennya u spravakh nepovnolitnikh,13.44
245,/ssd2/sangmin/datasets/fleurs/audios/train/4115943662420345837.wav,4115943662420345837.wav,Ukrainian,ukr_Cyrl,ukr,Cyrl,деякі можуть не погодитися але мені все одно,deyaki mozhut ne pohodytysya ale meni vse odno,3.78
1096,/ssd2/sangmin/datasets/fleurs/audios/train/630568570151864198.wav,630568570151864198.wav,Ukrainian,ukr_Cyrl,ukr,Cyrl,більшість з цих примітних круїзів балтійським морем характеризуються тривалою стоянкою у санкт петербурзі росія,bilshist z tsykh prymitnykh kruyiziv baltiyskym morem kharakteryzuyutsya tryvaloyu stoyankoyu u sankt peterburzi rosiya,9.36
1188,/ssd2/sangmin/datasets/fleurs/audios/train/2058674141675282722.wav,2058674141675282722.wav,Ukrainian,ukr_Cyrl,ukr,Cyrl,вершина башти була особливим святилищем бога,vershyna bashty bula osoblyvym svyatylyshchem boha,5.52
502,/ssd2/sangmin/datasets/fleurs/audios/train/18140176073841586168.wav,18140176073841586168.wav,Ukrainian,ukr_Cyrl,ukr,Cyrl,діти дізнаються про раси та расові стереотипи доволі рано і такі расові стереотипи впливають на поведінку,dity diznayutsya pro rasy ta rasovi stereotypy dovoli rano i taki rasovi stereotypy vplyvayut na povedinku,10.2
1207,/ssd2/sangmin/datasets/fleurs/audios/train/2262096885192138102.wav,2262096885192138102.wav,Ukrainian,ukr_Cyrl,ukr,Cyrl,скаффолди можуть бути віртуальними або реальними іншими словами вчитель виступає риштуванням як і маленька людина-скріпка у майкрософт офіс,skaffoldy mozhut buty virtualnymy abo realnymy inshymy slovamy vchytel vystupaie ryshtuvannyam yak i malenka lyudynaskripka u maikrosoft ofis,13.26
1108,/ssd2/sangmin/datasets/fleurs/audios/train/11238201767635898032.wav,11238201767635898032.wav,Ukrainian,ukr_Cyrl,ukr,Cyrl,коаліційні та афганські загони увійшли в цей район щоб забезпечити охорону цього місця а інший коаліційний літак було надіслано на допомогу,koalitsiyni ta afhanski zahony uviyshly v tsei raion shchob zabezpechyty okhoronu tsoho mistsya a inshy koalitsiyny litak bulo nadislano na dopomohu,13.44
328,/ssd2/sangmin/datasets/fleurs/audios/train/13557221418026978507.wav,13557221418026978507.wav,Ukrainian,ukr_Cyrl,ukr,Cyrl,народжений у столиці хорватії загребі бобек здобув свою славу граючи за белградський партизан,narodzheny u stolytsi khorvatiyi zahrebi bobek zdobuv svoyu slavu hrayuchy za belhradsky partyzan,12.78
1451,/ssd2/sangmin/datasets/fleurs/audios/train/17106318595813792832.wav,17106318595813792832.wav,Ukrainian,ukr_Cyrl,ukr,Cyrl,водночас німецький флот застосовуючи головно підводні човни намагався зупинити цей рух,vodnochas nimetsky flot zastosovuyuchy holovno pidvodni chovny namahavsya zupynyty tsei rukh,8.76
184,/ssd2/sangmin/datasets/fleurs/audios/train/9600426546107978755.wav,9600426546107978755.wav,Ukrainian,ukr_Cyrl,ukr,Cyrl,міністр охорони здоров'я висловив занепокоєння як добробутом осіб які користуються тимчасовою легальністю відповідних речовин так і судимостями пов'язаними із наркотиками які було винесено після того як вже неконституційні зміни вступили в силу,ministr okhorony zdorovya vyslovyv zanepokoiennya yak dobrobutom osib yaki korystuyutsya tymchasovoyu lehalnistyu vidpovidnykh rechovyn tak i sudymostyamy povyazanymy iz narkotykamy yaki bulo vyneseno pislya toho yak vzhe nekonstytutsiyni zminy vstupyly v sylu,17.22
36,/ssd2/sangmin/datasets/fleurs/audios/train/2195847082951631910.wav,2195847082951631910.wav,Ukrainian,ukr_Cyrl,ukr,Cyrl,вночі вгору стриміли два промені світла,vnochi vhoru strymily dva promeni svitla,4.44
286,/ssd2/sangmin/datasets/fleurs/audios/train/4826578362585546862.wav,4826578362585546862.wav,Ukrainian,ukr_Cyrl,ukr,Cyrl,латвія та словаччина відклали процес приєднання до тупк,latviya ta slovachchyna vidklaly protses pryiednannya do tupk,8.52
378,/ssd2/sangmin/datasets/fleurs/audios/train/12995600724820307681.wav,12995600724820307681.wav,Ukrainian,ukr_Cyrl,ukr,Cyrl,зовнішня частина яку ми бачимо коли дивимося на сонце називається фотосфера що означає куля світла,zovnishnya chastyna yaku my bachymo koly dyvymosya na sontse nazyvaietsya fotosfera shcho oznachaie kulya svitla,9.42
823,/ssd2/sangmin/datasets/fleurs/audios/train/998130028044660412.wav,998130028044660412.wav,Ukrainian,ukr_Cyrl,ukr,Cyrl,хоча більшість агентств готові приймати найбільш звичні бронювання багато агентів спеціалізуються на певних типах подорожей розмірах бюджетів або напрямках,khocha bilshist ahentstv hotovi pryimaty naibilsh zvychni bronyuvannya bahato ahentiv spetsializuyutsya na pevnykh typakh podorozhei rozmirakh byudzhetiv abo napryamkakh,11.04
347,/ssd2/sangmin/datasets/fleurs/audios/train/7802183430394310048.wav,7802183430394310048.wav,Ukrainian,ukr_Cyrl,ukr,Cyrl,люди били по віконним шибкам стільцями але вікна неможливо було розбити,lyudy byly po vikonnym shybkam stiltsyamy ale vikna nemozhlyvo bulo rozbyty,5.76
1508,/ssd2/sangmin/datasets/fleurs/audios/train/16229136547966282425.wav,16229136547966282425.wav,Ukrainian,ukr_Cyrl,ukr,Cyrl,вона дуже симпатична і також досить гарно співає - сказав він згідно з текстом стенограми прес-конференції,vona duzhe sympatychna i takozh dosyt harno spivaie skazav vin zhidno z tekstom stenohramy preskonferentsiyi,10.14
700,/ssd2/sangmin/datasets/fleurs/audios/train/17897709230278756908.wav,17897709230278756908.wav,Ukrainian,ukr_Cyrl,ukr,Cyrl,цей лист має бути складеним відповідно до певних вимог та узаконеним міністерством закордонних справ еквадору,tsei lyst maie buty skladenym vidpovidno do pevnykh vymoh ta uzakonenym ministerstvom zakordonnykh sprav ekvadoru,10.2
1075,/ssd2/sangmin/datasets/fleurs/audios/train/18197121229880073150.wav,18197121229880073150.wav,Ukrainian,ukr_Cyrl,ukr,Cyrl,ефективність фільтрів буває різною якщо у вас виникли проблеми варто подумати про придбання води в герметичній пляшці від авторитетної компанії,efektyvnist filtriv buvaie riznoyu yakshcho u vas vynykly problemy varto podumaty pro prydbannya vody v hermetychniy plyashtsi vid avtorytetnoyi kompaniyi,13.44
377,/ssd2/sangmin/datasets/fleurs/audios/train/16408866040280842022.wav,16408866040280842022.wav,Kabuverdianu,kea_Latn,kea,Latn,kel gás ta bira más finu sima bu ta bai más lonji di sentru di sol,kel gas ta bira mas finu sima bu ta bai mas lonji di sentru di sol,6.48
1165,/ssd2/sangmin/datasets/fleurs/audios/train/14168757224983706277.wav,14168757224983706277.wav,Kabuverdianu,kea_Latn,kea,Latn,storiadoris kritika pulítikas antirioris di fbi na konsentra rikursus na kazus ki é fásil di rizolve spesialmenti kazus di karus robadu ku intenson di omenta taxa di susésu di ajénsia,storiadoris kritika pulitikas antirioris di fbi na konsentra rikursus na kazus ki e fasil di rizolve spesialmenti kazus di karus robadu ku intenson di omenta taxa di susesu di ajensia,26.64
1367,/ssd2/sangmin/datasets/fleurs/audios/train/7831860994255959528.wav,7831860994255959528.wav,Kabuverdianu,kea_Latn,kea,Latn,singapura é jeralmenti un lugar stremamenti siguru di sta y txeu fásil di navega y bu pode kunpra kuazi kualker kuza dipôs ku txiga,singapura e jeralmenti un lugar stremamenti siguru di sta y txeu fasil di navega y bu pode kunpra kuazi kualker kuza dipos ku txiga,11.76
175,/ssd2/sangmin/datasets/fleurs/audios/train/12475359899846305440.wav,12475359899846305440.wav,Kabuverdianu,kea_Latn,kea,Latn,un di kes algen más riku di mundu allen dja invisti parti di se rikeza na splorason marinhu y dja el kumesa se buska pa atxa musashi pur kauza di longu interese na géra,un di kes algen mas riku di mundu allen dja invisti parti di se rikeza na splorason marinhu y dja el kumesa se buska pa atxa musashi pur kauza di longu interese na gera,17.88
1341,/ssd2/sangmin/datasets/fleurs/audios/train/12733387374364367391.wav,12733387374364367391.wav,Kabuverdianu,kea_Latn,kea,Latn,es ten txeu bês más autonomia di ki ménbrus konvensional di ekipa ja ki ses ekipas pode reuni di akordu ku kuzu orárius variável ki pode ka ser konprendidu pa se jeston lokal,es ten txeu bes mas autonomia di ki menbrus konvensional di ekipa ja ki ses ekipas pode reuni di akordu ku kuzu orarius variavel ki pode ka ser konprendidu pa se jeston lokal,18.6
986,/ssd2/sangmin/datasets/fleurs/audios/train/11432510641214054958.wav,11432510641214054958.wav,Kabuverdianu,kea_Latn,kea,Latn,maioria dja involve pesoas ki ta trabadja ku avis di kapuera mas izisti tanbê algun risku pa observadoris di avis,maioria dja involve pesoas ki ta trabadja ku avis di kapuera mas izisti tanbe algun risku pa observadoris di avis,11.04
1443,/ssd2/sangmin/datasets/fleurs/audios/train/15478389567387187708.wav,15478389567387187708.wav,Kabuverdianu,kea_Latn,kea,Latn,observa flor di serejera konxedu komu hanami ten fetu parti di kultura japunês desdi sékulu viii,observa flor di serejera konxedu komu hanami ten fetu parti di kultura japunes desdi sekulu viii,17.1
658,/ssd2/sangmin/datasets/fleurs/audios/train/15731264130634391714.wav,15731264130634391714.wav,Kabuverdianu,kea_Latn,kea,Latn,kes dias bastanti longu di veron pode konduzi pa prublémas di durmi sufisienti y a prublémas di saúdi asosiadu,kes dias bastanti longu di veron pode konduzi pa prublemas di durmi sufisienti y a prublemas di saudi asosiadu,11.4
999,/ssd2/sangmin/datasets/fleurs/audios/train/8911677300135402169.wav,8911677300135402169.wav,Kabuverdianu,kea_Latn,kea,Latn,mas indipendentimenti di se diskuberta tribus skimôs ta dja viveba la na kel ténpu,mas indipendentimenti di se diskuberta tribus skimos ta dja viveba la na kel tenpu,12.48
148,/ssd2/sangmin/datasets/fleurs/audios/train/18306967749638252719.wav,18306967749638252719.wav,Kabuverdianu,kea_Latn,kea,Latn,númeru di utilizadoris di sirvisus yahoo y microsoft djuntu ta bai konpiti ku númeru di klientis di aol,numeru di utilizadoris di sirvisus yahoo y microsoft djuntu ta bai konpiti ku numeru di klientis di aol,9.96
598,/ssd2/sangmin/datasets/fleurs/audios/train/10343487384483006100.wav,10343487384483006100.wav,Kabuverdianu,kea_Latn,kea,Latn,si bu odja kuzas vivu na mikroskopiu bu ta odja ma es é fetu di kuadradus pikinoti ô bolas,si bu odja kuzas vivu na mikroskopiu bu ta odja ma es e fetu di kuadradus pikinoti o bolas,9.48
1037,/ssd2/sangmin/datasets/fleurs/audios/train/14054096000737209850.wav,14054096000737209850.wav,Kabuverdianu,kea_Latn,kea,Latn,di akordu ku buletin risenti leituras di nível di mar indika ma un tsunami foi jeradu tevi un sertu atividadi di tsunami rejistadu na prosimidadi di pago pago y niue,di akordu ku buletin risenti leituras di nivel di mar indika ma un tsunami foi jeradu tevi un sertu atividadi di tsunami rejistadu na prosimidadi di pago pago y niue,19.92
82,/ssd2/sangmin/datasets/fleurs/audios/train/16652892237526499251.wav,16652892237526499251.wav,Kabuverdianu,kea_Latn,kea,Latn,hesperonychus elizabethae é un spési di família dromaeosauridae y é primu di velociraptor,hesperonychus elizabethae e un spesi di familia dromaeosauridae y e primu di velociraptor,16.26
566,/ssd2/sangmin/datasets/fleurs/audios/train/11553851730824888810.wav,11553851730824888810.wav,Kabuverdianu,kea_Latn,kea,Latn,kes ki sa partisipa na atividadis rigular ta meste di más apoiu en termus di perseson negativu di dor distingindu diferensas entri dor króniku y sensason di diskonfortu di movimentu fíziku normal,kes ki sa partisipa na atividadis rigular ta meste di mas apoiu en termus di perseson negativu di dor distingindu diferensas entri dor kroniku y sensason di diskonfortu di movimentu fiziku normal,21.84
1306,/ssd2/sangmin/datasets/fleurs/audios/train/15457906119373240391.wav,15457906119373240391.wav,Kabuverdianu,kea_Latn,kea,Latn,influénsia europeu y kolonialismu kumesa na sékulu xv kantu sporador português vasco da gama atxa rota di kabu di europa pa índia,influensia europeu y kolonialismu kumesa na sekulu xv kantu sporador portugues vasco da gama atxa rota di kabu di europa pa india,13.62
1087,/ssd2/sangmin/datasets/fleurs/audios/train/3122934430488885643.wav,3122934430488885643.wav,Kabuverdianu,kea_Latn,kea,Latn,tigri sta na mésmu grupu genus panthera ki leon leopardu y jaguar es kuatu filinu é kes úniku ki pode ruji,tigri sta na mesmu grupu genus panthera ki leon leopardu y jaguar es kuatu filinu e kes uniku ki pode ruji,13.32
665,/ssd2/sangmin/datasets/fleurs/audios/train/8779827045115405412.wav,8779827045115405412.wav,Kabuverdianu,kea_Latn,kea,Latn,viaja pa walt disney world ta riprizenta un grandi pirigrinason pa txeu famílias merkanu,viaja pa walt disney world ta riprizenta un grandi pirigrinason pa txeu familias merkanu,9.72
462,/ssd2/sangmin/datasets/fleurs/audios/train/8090433258419429607.wav,8090433258419429607.wav,Kabuverdianu,kea_Latn,kea,Latn,pamodi kela tudu ki bu ta odja na tilivizon tevi bordas kortadu di riba dibaxu y na ladu,pamodi kela tudu ki bu ta odja na tilivizon tevi bordas kortadu di riba dibaxu y na ladu,11.1
209,/ssd2/sangmin/datasets/fleurs/audios/train/10037035421994768345.wav,10037035421994768345.wav,Kabuverdianu,kea_Latn,kea,Latn,di akordu ku rilatus un apartamentu na rua macbeth spludi trokadu un fuga di gás,di akordu ku rilatus un apartamentu na rua macbeth spludi trokadu un fuga di gas,7.38
1033,/ssd2/sangmin/datasets/fleurs/audios/train/10624679024724104343.wav,10624679024724104343.wav,Kabuverdianu,kea_Latn,kea,Latn,ten un tradison di pasa noti di páskua kordadu na algun pontu spostu pa odja sol ta nase,ten un tradison di pasa noti di paskua kordadu na algun pontu spostu pa odja sol ta nase,10.08
1063,/ssd2/sangmin/datasets/fleurs/audios/train/13179287467100599841.wav,13179287467100599841.wav,Kabuverdianu,kea_Latn,kea,Latn,pur izénplu algen pode fla ma automóvel kondizi nisisariamenti leba ai dizenvolvimentu di stradas,pur izenplu algen pode fla ma automovel kondizi nisisariamenti leba ai dizenvolvimentu di stradas,11.2
1228,/ssd2/sangmin/datasets/fleurs/audios/train/6729641880847488457.wav,6729641880847488457.wav,Kabuverdianu,kea_Latn,kea,Latn,foi últimu jogu pa all blacks ki dja tinha ganhadu troféu a dôs simanas atrás,foi ultimu jogu pa all blacks ki dja tinha ganhadu trofeu a dos simanas atras,12.06
417,/ssd2/sangmin/datasets/fleurs/audios/train/2312025817912402815.wav,2312025817912402815.wav,Urdu,urd_Latn,urd,Latn,ہندی کتنے لوگ بولتے ہیں اس کے اندازے الگ الگ ہیں ایک اندازے کے مطابق یہ دنیا میں عام طور پر دوسری اور چوتھی کے درمیان سب سے زیادہ بولی جانے والی زبان ہے,hndi ktnye lwg bwltye hin as kye andazye alg alg hin ik andazye kye mtabq ih dnia min am twr pr dwsri awr tchwthi kye drmian sb sye ziadh bwli janye wali zban hye,12.48
891,/ssd2/sangmin/datasets/fleurs/audios/train/1446224274206294131.wav,1446224274206294131.wav,Urdu,urd_Latn,urd,Latn,وقتی خصوصی ہوائی سفری دورے کوہ پیمائی یا قطب تک رسائی کے لئے ساحل سے دور زمین پر جاتے ہیں جہاں ایک وسیع اڈہ ہے,wqti khswsi hwayei sfri dwrye kwh pimayei ia qtb tk rsayei kye lyeye sahl sye dwr zmin pr jatye hin jhan ik wsi addh hye,13.8
625,/ssd2/sangmin/datasets/fleurs/audios/train/15266406300462201908.wav,15266406300462201908.wav,Urdu,urd_Latn,urd,Latn,تقاربی فکر کے نمونے مسائل حل کرنے والی تکنیک ہیں جو کوئی حل تلاش کرنے کے لئے مختلف خیالات یا میدانوں کو جمع کرتے ہیں,tqarbi fkr kye nmwnye msayel hl krnye wali tknik hin jw kwyei hl tlash krnye kye lyeye mkhtlf khialat ia midanwn kw jm krtye hin,10.44
875,/ssd2/sangmin/datasets/fleurs/audios/train/1131435961003863197.wav,1131435961003863197.wav,Urdu,urd_Latn,urd,Latn,شاید آپ کوئی آسان مشروب دریافت کریں گے جو آپ اپنے روز مرہ کے معمول میں واپس آکر اسے ناشتہ بناسکتے ہیں,shaid ap kwyei asan mshrwb driaft krin gye jw ap apnye rwz mrh kye mmwl min waps akr asye nashth bnasktye hin,8.28
1130,/ssd2/sangmin/datasets/fleurs/audios/train/18336278122506963456.wav,18336278122506963456.wav,Urdu,urd_Latn,urd,Latn,کسی شخص کے باطن میں جتنی طمانینت پائی جاتی ہے اس کا ارتباط اس شخص کے بدن اور روح میں پائی جانے والی کشیدگی کی مقدار سے ہے,ksi shkhs kye batn min jtni tmanint payei jati hye as ka artbat as shkhs kye bdn awr rwh min payei janye wali kshidgi ki mqdar sye hye,11.88
401,/ssd2/sangmin/datasets/fleurs/audios/train/10471814262800103943.wav,10471814262800103943.wav,Urdu,urd_Latn,urd,Latn,اب جاپان کے لئے جاپان ایک جزیروں پر مُشتمل ملک تھا بالکل برطانیہ کی طرح,ab japan kye lyeye japan ik jzirwn pr mshtml mlk tha balkl brtanih ki trh,8.82
128,/ssd2/sangmin/datasets/fleurs/audios/train/1803703601216629878.wav,1803703601216629878.wav,Urdu,urd_Latn,urd,Latn,ان کے متعدد مصنفین نے جون اسٹیورٹ اور اسٹیفن کولبرٹ کی نیوز پیروڈی شوز پر بہت زیادہ اثر ڈالا ہے,an kye mtdd msnfin nye jwn asttiwrtt awr asttifn kwlbrtt ki niwz pirwddi shwz pr bht ziadh athr ddala hye,12.12
484,/ssd2/sangmin/datasets/fleurs/audios/train/7504345038501274907.wav,7504345038501274907.wav,Urdu,urd_Latn,urd,Latn,پیروکار زندگی بسرنے کے کچھ خاص طریقوں یا ان اطوار کی پابندی کرتے ہیں جن کا مقصد ان تجربات کو پروان چڑھانا ہے,pirwkar zndgi bsrnye kye ktchh khas triqwn ia an atwar ki pabndi krtye hin jn ka mqsd an tjrbat kw prwan tchrrhana hye,12.96
1340,/ssd2/sangmin/datasets/fleurs/audios/train/17178272134959891914.wav,17178272134959891914.wav,Urdu,urd_Latn,urd,Latn,یہی وقت تھا جب فیشن کیپٹل کا خطاب قسطنطنیہ سے پیرس کو منتقل ہو گیا,ihi wqt tha jb fishn kipttl ka khtab qstntnih sye pirs kw mntql hw gia,9.42
1504,/ssd2/sangmin/datasets/fleurs/audios/train/1359901798030858119.wav,1359901798030858119.wav,Urdu,urd_Latn,urd,Latn,ٹیکس عائد کرنے کے لئے کانگریس کے پاس کسی بھی طاقت کا فقدان تھا اور چونکہ یہاں کوئی قومی مجلس عاملہ یا عدلیہ موجود نہیں تھی اس لئے اس نے ریاستی حکام پر اعتماد کیا جو اس کے تمام قوانین کو نافذ کرنے میں اکثر تعاون نہیں کرتے تھے,ttiks ayed krnye kye lyeye kangris kye pas ksi bhi taqt ka fqdan tha awr tchwnkh ihan kwyei qwmi mjls amlh ia dlih mwjwd nhin thi as lyeye as nye riasti hkam pr atmad kia jw as kye tmam qwanin kw nafth krnye min akthr tawn nhin krtye thye,19.14
1145,/ssd2/sangmin/datasets/fleurs/audios/train/6166814965852103702.wav,6166814965852103702.wav,Urdu,urd_Latn,urd,Latn,رومانویت کے تناظر میں جُغرافیے نے افراد کو ڈھالا اور وقت گُزرنے کے ساتھ روایات اور ثقافت جو اُس جُغرافیے سے متعلق تھے اور وہ معاشرے کی جگہ کے ساتھ ہم آہنگ تھے وہ تصفیانہ لاگُو قوانین کی نسبت زیادہ بہتر تھے,rwmanwit kye tnazr min jghrafiye nye afrad kw ddhala awr wqt gzrnye kye sath rwaiat awr thqaft jw as jghrafiye sye mtlq thye awr wh mashrye ki jgh kye sath hm ahng thye wh tsfianh lagw qwanin ki nsbt ziadh bhtr thye,16.8
928,/ssd2/sangmin/datasets/fleurs/audios/train/2857795694085492387.wav,2857795694085492387.wav,Urdu,urd_Latn,urd,Latn,کسی ایر پورٹ یا ہجوم کے اوپر ڈرون چلانا ایک خیالِ بد ہے گو تمہارے علاقہ میں یہ قانوناً ممنوع نہیں ہے,ksi ir pwrtt ia hjwm kye awpr ddrwn tchlana ik khial bd hye gw tmharye laqh min ih qanwna mmnw nhin hye,9.6
654,/ssd2/sangmin/datasets/fleurs/audios/train/12498586848953616452.wav,12498586848953616452.wav,Urdu,urd_Latn,urd,Latn,گرین لینڈ کے اصلی باشندے خود کو کناڈا میں انویٹ اور گرین لینڈ میں گرین لینڈر یا کلا لیق جمع کلا لیت کہتے ہیں۔,grin lindd kye asli bashndye khwd kw knadda min anwitt awr grin lindd min grin linddr ia kla liq jm kla lit khtye hin,10.5
139,/ssd2/sangmin/datasets/fleurs/audios/train/1030620942174288970.wav,1030620942174288970.wav,Urdu,urd_Latn,urd,Latn,ہوا اور لہروں کے ذریعہ فضا میں اڑانے والے متآثرہ پانی کا سانس لینے سے انسان متاثر ہوسکتے ہیں,hwa awr lhrwn kye thrih fda min arranye walye mtathrh pani ka sans linye sye ansan mtathr hwsktye hin,10.56
360,/ssd2/sangmin/datasets/fleurs/audios/train/5604227379173405019.wav,5604227379173405019.wav,Urdu,urd_Latn,urd,Latn,سائنسدان اس عمل کو شعاع کا متحرک اخراج کہتے ہیں کیونکہ چمکدار روشنی کے ذریعہ ذرات متحرک ہوتے ہیں جسکی وجہ سے ضیاء کا فوٹون خارج ہوتا ہے اور روشنی شعاع کی ایک قسم ہے,sayensdan as ml kw sha ka mthrk akhraj khtye hin kiwnkh tchmkdar rwshni kye thrih thrat mthrk hwtye hin jski wjh sye dia ka fwttwn kharj hwta hye awr rwshni sha ki ik qsm hye,18.48
372,/ssd2/sangmin/datasets/fleurs/audios/train/13190633304396418502.wav,13190633304396418502.wav,Urdu,urd_Latn,urd,Latn,تنا کھانے سے پہلے پتوں کو اتارنے کیلئے سَہ قَرنی سوسار اپنی قوی چونچ کا استعمال کرسکتا تھا,tna khanye sye phlye ptwn kw atarnye kilyeye sh qrni swsar apni qwi tchwntch ka astmal krskta tha,11.46
799,/ssd2/sangmin/datasets/fleurs/audios/train/16560340925763823537.wav,16560340925763823537.wav,Spanish,spa_Latn,spa,Latn,también dele copias de la póliza y de los datos de contacto a aquellos con quien viaja y a familiares o amigos en su país que estén dispuestos a prestarle ayuda,tambien dele copias de la poliza y de los datos de contacto a aquellos con quien viaja y a familiares o amigos en su pais que esten dispuestos a prestarle ayuda,13.02
213,/ssd2/sangmin/datasets/fleurs/audios/train/6117189501390763369.wav,6117189501390763369.wav,Spanish,spa_Latn,spa,Latn,dentro del apartamento no había nadie,dentro del apartamento no habia nadie,4.2
1297,/ssd2/sangmin/datasets/fleurs/audios/train/16101043014379863215.wav,16101043014379863215.wav,Spanish,spa_Latn,spa,Latn,el registro es una exigencia adicional para el proceso del visado en algunos países tendrá que registrar su presencia y la dirección de su alojamiento con las autoridades locales,el registro es una exigencia adicional para el proceso del visado en algunos paises tendra que registrar su presencia y la direccion de su alojamiento con las autoridades locales,11.52
1187,/ssd2/sangmin/datasets/fleurs/audios/train/552513497750810696.wav,552513497750810696.wav,Spanish,spa_Latn,spa,Latn,hershey y chase insertaron su propio adn en una bacteria usando fagos o virus,hershey y chase insertaron su propio adn en una bacteria usando fagos o virus,7.32
1271,/ssd2/sangmin/datasets/fleurs/audios/train/11033687871192238512.wav,11033687871192238512.wav,Spanish,spa_Latn,spa,Latn,el turismo basado en la naturaleza suele atraer a gente interesada en visitar áreas naturales para disfrutar del paisaje lo que incluye la vida silvestre animal y vegetal,el turismo basado en la naturaleza suele atraer a gente interesada en visitar areas naturales para disfrutar del paisaje lo que incluye la vida silvestre animal y vegetal,13.74
862,/ssd2/sangmin/datasets/fleurs/audios/train/15323160673590015654.wav,15323160673590015654.wav,Spanish,spa_Latn,spa,Latn,en su país de origen producto de esta permanente exposición a los gérmenes locales es casi seguro que ya sea inmune a ellos,en su pais de origen producto de esta permanente exposicion a los germenes locales es casi seguro que ya sea inmune a ellos,6.96
825,/ssd2/sangmin/datasets/fleurs/audios/train/11152817614842097482.wav,11152817614842097482.wav,Spanish,spa_Latn,spa,Latn,consulte los viajes promocionados por el agente puede hacerlo en una página web tanto como en el escaparate de un negocio,consulte los viajes promocionados por el agente puede hacerlo en una pagina web tanto como en el escaparate de un negocio,7.98
864,/ssd2/sangmin/datasets/fleurs/audios/train/9389178360193310945.wav,9389178360193310945.wav,Spanish,spa_Latn,spa,Latn,asimismo en climas con temperaturas más elevadas las bacterias se desarrollan con mayor velocidad y logran vivir más tiempo fuera del cuerpo,asimismo en climas con temperaturas mas elevadas las bacterias se desarrollan con mayor velocidad y logran vivir mas tiempo fuera del cuerpo,8.34
640,/ssd2/sangmin/datasets/fleurs/audios/train/714981971207715749.wav,714981971207715749.wav,Spanish,spa_Latn,spa,Latn,la comunicación asincrónica fomenta el tomarse un tiempo para reflexionar y reaccionar frente a otros,la comunicacion asincronica fomenta el tomarse un tiempo para reflexionar y reaccionar frente a otros,5.64
1143,/ssd2/sangmin/datasets/fleurs/audios/train/5321366879132530747.wav,5321366879132530747.wav,Spanish,spa_Latn,spa,Latn,es una práctica común en otras regiones del reino unido pero como la justicia escocesa funciona de otro modo los tribunales consideraron la publicación de fotografías como algo potencialmente perjudicial,es una practica comun en otras regiones del reino unido pero como la justicia escocesa funciona de otro modo los tribunales consideraron la publicacion de fotografias como algo potencialmente perjudicial,13.44
794,/ssd2/sangmin/datasets/fleurs/audios/train/3867649426244775201.wav,3867649426244775201.wav,Spanish,spa_Latn,spa,Latn,en algunos países o tipos de tiendas existe al menos un restaurante dentro del lugar que por lo general es bastante informal y sus precios económicos,en algunos paises o tipos de tiendas existe al menos un restaurante dentro del lugar que por lo general es bastante informal y sus precios economicos,11.58
931,/ssd2/sangmin/datasets/fleurs/audios/train/8259591104802042317.wav,8259591104802042317.wav,Spanish,spa_Latn,spa,Latn,aun cuando pueda no necesitar una visa para estadías cortas en ciertos destinos si viaja como turista o por negocios viajar a esos mismos lugares como estudiante internacional por lo general implica una estadía más prolongada que una visita ocasional de índole turística,aun cuando pueda no necesitar una visa para estadias cortas en ciertos destinos si viaja como turista o por negocios viajar a esos mismos lugares como estudiante internacional por lo general implica una estadia mas prolongada que una visita ocasional de indole turistica,18.3
365,/ssd2/sangmin/datasets/fleurs/audios/train/17769114234305276082.wav,17769114234305276082.wav,Spanish,spa_Latn,spa,Latn,lo primero que se debe hacer con la lámpara es apagar su interruptor o desconectarla,lo primero que se debe hacer con la lampara es apagar su interruptor o desconectarla,5.16
1224,/ssd2/sangmin/datasets/fleurs/audios/train/1917711736538673400.wav,1917711736538673400.wav,Spanish,spa_Latn,spa,Latn,por lo general es una tontería buscar descuentos para asientos de primera clase o clase business en vuelos directos,por lo general es una tonteria buscar descuentos para asientos de primera clase o clase business en vuelos directos,8.4
1419,/ssd2/sangmin/datasets/fleurs/audios/train/5791142264608842063.wav,5791142264608842063.wav,Spanish,spa_Latn,spa,Latn,paraguay antes conocida como «la provincia gigante de indias» nació en el siglo xvi como producto del encuentro entre los conquistadores españoles y los pueblos indígenas nativos,paraguay antes conocida como la provincia gigante de indias nacio en el siglo xvi como producto del encuentro entre los conquistadores espanoles y los pueblos indigenas nativos,14.4
232,/ssd2/sangmin/datasets/fleurs/audios/train/9441998899437966788.wav,9441998899437966788.wav,Spanish,spa_Latn,spa,Latn,se detuvo al sospechoso de detonar la bomba luego de que sufriera heridas debido a la explosión,se detuvo al sospechoso de detonar la bomba luego de que sufriera heridas debido a la explosion,5.76
518,/ssd2/sangmin/datasets/fleurs/audios/train/14156616154829911947.wav,14156616154829911947.wav,Spanish,spa_Latn,spa,Latn,el hecho de que la mano y el pie del chimpancé sean de tamaño y largo parecidos evidencia que usan la extremidad superior como soporte de su peso al caminar con los nudillos,el hecho de que la mano y el pie del chimpance sean de tamano y largo parecidos evidencia que usan la extremidad superior como soporte de su peso al caminar con los nudillos,14.4
1336,/ssd2/sangmin/datasets/fleurs/audios/train/8504650746328284446.wav,8504650746328284446.wav,Spanish,spa_Latn,spa,Latn,hamilton confirmó que el hospital de la universidad howard admitió el ingreso del paciente y que su condición era estable,hamilton confirmo que el hospital de la universidad howard admitio el ingreso del paciente y que su condicion era estable,8.1
1411,/ssd2/sangmin/datasets/fleurs/audios/train/6418990970122531081.wav,6418990970122531081.wav,Spanish,spa_Latn,spa,Latn,si bien casi todos los monasterios entregan abrigos a las mujeres que llegan sin estar preparadas si usted lleva el suyo sobre todo si tiene colores brillantes el monje o la monja le sonreirán en la entrada,si bien casi todos los monasterios entregan abrigos a las mujeres que llegan sin estar preparadas si usted lleva el suyo sobre todo si tiene colores brillantes el monje o la monja le sonreiran en la entrada,12.54
701,/ssd2/sangmin/datasets/fleurs/audios/train/13670562661634307674.wav,13670562661634307674.wav,Spanish,spa_Latn,spa,Latn,el objetivo de estos requisitos es proporcionar una circulación migratoria organizada entre ambos países,el objetivo de estos requisitos es proporcionar una circulacion migratoria organizada entre ambos paises,8.46
503,/ssd2/sangmin/datasets/fleurs/audios/train/476932832121416037.wav,476932832121416037.wav,Spanish,spa_Latn,spa,Latn,por ejemplo aquellos pequeños que se identifican con una minoría racial presa de un estereotipo según el cual no les va bien en la escuela desarrollan una tendencia al fracaso escolar una vez que toman conocimiento del preconcepto vinculado con su raza,por ejemplo aquellos pequenos que se identifican con una minoria racial presa de un estereotipo segun el cual no les va bien en la escuela desarrollan una tendencia al fracaso escolar una vez que toman conocimiento del preconcepto vinculado con su raza,16.74
773,/ssd2/sangmin/datasets/fleurs/audios/train/4965506778081065792.wav,4965506778081065792.wav,Spanish,spa_Latn,spa,Latn,una feria mundial por lo general llamada exposición mundial o tan solo expo es un festival internacional de gran envergadura donde convergen artes y ciencias,una feria mundial por lo general llamada exposicion mundial o tan solo expo es un festival internacional de gran envergadura donde convergen artes y ciencias,11.94
498,/ssd2/sangmin/datasets/fleurs/audios/train/18135814493543472779.wav,18135814493543472779.wav,Bosnian,bos_Latn,bos,Latn,da bi spasili pacijente od gangrene stekli su iskustvo u amputaciji kao i sa podvezima i stezačima arterije za zaustavljanje protoka krvi,da bi spasili pacijente od gangrene stekli su iskustvo u amputaciji kao i sa podvezima i stezacima arterije za zaustavljanje protoka krvi,12.9
957,/ssd2/sangmin/datasets/fleurs/audios/train/8510826032262433359.wav,8510826032262433359.wav,Bosnian,bos_Latn,bos,Latn,nemojte zaboraviti uračunati dodatne troškove dodatnih viza taksu na odlazak prijevoz kopnom itd. za sva mjesta izvan afrike,nemojte zaboraviti uracunati dodatne troskove dodatnih viza taksu na odlazak prijevoz kopnom itd za sva mjesta izvan afrike,12.72
760,/ssd2/sangmin/datasets/fleurs/audios/train/6138313619440427401.wav,6138313619440427401.wav,Bosnian,bos_Latn,bos,Latn,mreža za razmjenu gostoprimstva je organizacija koja putnike povezuje s lokalnim stanovništvom u gradovima koje planiraju posjetiti,mreza za razmjenu gostoprimstva je organizacija koja putnike povezuje s lokalnim stanovnistvom u gradovima koje planiraju posjetiti,9.06
512,/ssd2/sangmin/datasets/fleurs/audios/train/1834993847060704946.wav,1834993847060704946.wav,Bosnian,bos_Latn,bos,Latn,ta djeca sklona su upadanju u razne nevolje jer se rizično ponašaju upadaju u tuče i izazivaju autoritet  kako bi stimulirala mozak obzirom da njihov mozak ne može biti stimuliran normalnim metodama,ta djeca sklona su upadanju u razne nevolje jer se rizicno ponasaju upadaju u tuce i izazivaju autoritet kako bi stimulirala mozak obzirom da njihov mozak ne moze biti stimuliran normalnim metodama,16.2
457,/ssd2/sangmin/datasets/fleurs/audios/train/7538036512667989829.wav,7538036512667989829.wav,Bosnian,bos_Latn,bos,Latn,to je omogućilo objektivima za uvećavanje da snimaju fotografije kvaliteta uporedivog s onim koji postižu objektivi sa fiksnom žižnom daljinom,to je omogucilo objektivima za uvecavanje da snimaju fotografije kvaliteta uporedivog s onim koji postizu objektivi sa fiksnom ziznom daljinom,13.44
707,/ssd2/sangmin/datasets/fleurs/audios/train/11594205924355507266.wav,11594205924355507266.wav,Bosnian,bos_Latn,bos,Latn,iznad sjevernog kraja machu picchua uzdiže se ova strma planina koja često služi kao pozadina mnogih fotografija ove ruševine,iznad sjevernog kraja machu picchua uzdize se ova strma planina koja cesto sluzi kao pozadina mnogih fotografija ove rusevine,11.76
116,/ssd2/sangmin/datasets/fleurs/audios/train/14782399757376005005.wav,14782399757376005005.wav,Bosnian,bos_Latn,bos,Latn,kompanija želi učiniti izvore zarade raznovrsnijim i steći popularnost u područjima u kojima skype drži snažnu poziciju kao što su kina istočna evropa i brazil,kompanija zeli uciniti izvore zarade raznovrsnijim i steci popularnost u podrucjima u kojima skype drzi snaznu poziciju kao sto su kina istocna evropa i brazil,12.06
746,/ssd2/sangmin/datasets/fleurs/audios/train/9218407549117847565.wav,9218407549117847565.wav,Bosnian,bos_Latn,bos,Latn,uopšteno b&amp;b se očigledno takmiči uglavnom u dvije glavne stvari: noćenju i doručku,uopsteno b amp b se ocigledno takmici uglavnom u dvije glavne stvari nocenju i dorucku,7.14
246,/ssd2/sangmin/datasets/fleurs/audios/train/3536831024257176752.wav,3536831024257176752.wav,Bosnian,bos_Latn,bos,Latn,sretna sam da ima ljudi koji su voljni podržati me,sretna sam da ima ljudi koji su voljni podrzati me,4.68
116,/ssd2/sangmin/datasets/fleurs/audios/train/5817299865931424141.wav,5817299865931424141.wav,Bosnian,bos_Latn,bos,Latn,kompanija želi učiniti izvore zarade raznovrsnijim i steći popularnost u područjima u kojima skype drži snažnu poziciju kao što su kina istočna evropa i brazil,kompanija zeli uciniti izvore zarade raznovrsnijim i steci popularnost u podrucjima u kojima skype drzi snaznu poziciju kao sto su kina istocna evropa i brazil,13.2
761,/ssd2/sangmin/datasets/fleurs/audios/train/8655760446475973619.wav,8655760446475973619.wav,Bosnian,bos_Latn,bos,Latn,za pridruživanje takvoj mreži obično je potrebno samo ispuniti formular na internetu mada neke mreže nude ili zahtijevaju dodatnu potvrdu,za pridruzivanje takvoj mrezi obicno je potrebno samo ispuniti formular na internetu mada neke mreze nude ili zahtijevaju dodatnu potvrdu,13.14
795,/ssd2/sangmin/datasets/fleurs/audios/train/9926775297651251944.wav,9926775297651251944.wav,Bosnian,bos_Latn,bos,Latn,napravite kopije vaše police osiguranja i kontakt podatke osiguravatelja i nosite ih sa sobom,napravite kopije vase police osiguranja i kontakt podatke osiguravatelja i nosite ih sa sobom,9.84
454,/ssd2/sangmin/datasets/fleurs/audios/train/7107012552621352908.wav,7107012552621352908.wav,Bosnian,bos_Latn,bos,Latn,interaktivni dizajn traži da se komponente projekta međusobno poveži ali i da budu smislene kao zasebna cjelina,interaktivni dizajn trazi da se komponente projekta medusobno povezi ali i da budu smislene kao zasebna cjelina,9.96
233,/ssd2/sangmin/datasets/fleurs/audios/train/8520219315439004919.wav,8520219315439004919.wav,Bosnian,bos_Latn,bos,Latn,vlasti još uvijek ne znaju njegovo ime iako znaju da pripada ujgurskoj etničkoj grupi,vlasti jos uvijek ne znaju njegovo ime iako znaju da pripada ujgurskoj etnickoj grupi,8.52
609,/ssd2/sangmin/datasets/fleurs/audios/train/6674911112501033099.wav,6674911112501033099.wav,Bosnian,bos_Latn,bos,Latn,vrijeme podrazumijeva i način na koji poredimo trajanje dužinu događaja,vrijeme podrazumijeva i nacin na koji poredimo trajanje duzinu dogadaja,9.0
682,/ssd2/sangmin/datasets/fleurs/audios/train/9776431488616242133.wav,9776431488616242133.wav,Bosnian,bos_Latn,bos,Latn,za vrijeme kišne sezone od novembra do marta količina vode bit će veća te će slapovi biti dramatičniji,za vrijeme kisne sezone od novembra do marta kolicina vode bit ce veca te ce slapovi biti dramaticniji,8.52
228,/ssd2/sangmin/datasets/fleurs/audios/train/12425819828331784171.wav,12425819828331784171.wav,Bosnian,bos_Latn,bos,Latn,naučnici su otkrili zemljišne oblike na mjesečevoj površini zvane režnjaste padine koje su očigledno rezultat mjesečevog vrlo sporog smanjivanja,naucnici su otkrili zemljisne oblike na mjesecevoj povrsini zvane reznjaste padine koje su ocigledno rezultat mjesecevog vrlo sporog smanjivanja,12.12
396,/ssd2/sangmin/datasets/fleurs/audios/train/16455329058015181424.wav,16455329058015181424.wav,Bosnian,bos_Latn,bos,Latn,međutim veoma mali broj brodova kraljevske mornarice bio je smješten blizu vjerovatnih ruta napada jer su se admirali bojali da će ih njemački vazdušni napad potopiti,medutim veoma mali broj brodova kraljevske mornarice bio je smjesten blizu vjerovatnih ruta napada jer su se admirali bojali da ce ih njemacki vazdusni napad potopiti,11.76
1262,/ssd2/sangmin/datasets/fleurs/audios/train/2755225577112357870.wav,2755225577112357870.wav,Bosnian,bos_Latn,bos,Latn,u gradovima harappa i mohenjo-daro skoro svaka kuća imala je toalet s ispiranjem koji je bio povezan sa sofisticiranim kanalizacijskim sistemom,u gradovima harappa i mohenjodaro skoro svaka kuca imala je toalet s ispiranjem koji je bio povezan sa sofisticiranim kanalizacijskim sistemom,11.76
701,/ssd2/sangmin/datasets/fleurs/audios/train/12760521797088833278.wav,12760521797088833278.wav,Bosnian,bos_Latn,bos,Latn,ovi zahtjevi su osmišljeni za osiguranje organiziranog migracijskog toka između ovih zemalja,ovi zahtjevi su osmisljeni za osiguranje organiziranog migracijskog toka izmedu ovih zemalja,11.28
343,/ssd2/sangmin/datasets/fleurs/audios/train/12448344198030802033.wav,12448344198030802033.wav,Bosnian,bos_Latn,bos,Latn,nalazimo se finansijskoj krizi koja traje godinu dana i koja je svoj najoštriji trenutak pokazala u posljednja dva mjeseca ali mislim da se finansijska tržišta sada počinju oporavljati.,nalazimo se finansijskoj krizi koja traje godinu dana i koja je svoj najostriji trenutak pokazala u posljednja dva mjeseca ali mislim da se finansijska trzista sada pocinju oporavljati,15.24
622,/ssd2/sangmin/datasets/fleurs/audios/train/17048386791735391268.wav,17048386791735391268.wav,Bosnian,bos_Latn,bos,Latn,procjenjujući uspjeh i postajući svjesni neuspjeha pojedinci i osobe koje su učestvovale kao cjelina dublje otkrivaju vrijednosti zadatak i pokretačke snage te organizacije,procjenjujuci uspjeh i postajuci svjesni neuspjeha pojedinci i osobe koje su ucestvovale kao cjelina dublje otkrivaju vrijednosti zadatak i pokretacke snage te organizacije,15.36
156,/ssd2/sangmin/datasets/fleurs/audios/train/12249235449364068391.wav,12249235449364068391.wav,Bosnian,bos_Latn,bos,Latn,petnaest ovih stijena pripisuje se kiši meteora od prošlog jula,petnaest ovih stijena pripisuje se kisi meteora od proslog jula,5.76
1185,/ssd2/sangmin/datasets/fleurs/audios/train/5424715275443146556.wav,5424715275443146556.wav,Bosnian,bos_Latn,bos,Latn,možete imati i legure koje u malim količinama sadrže nemetalne elemente poput ugljika,mozete imati i legure koje u malim kolicinama sadrze nemetalne elemente poput ugljika,8.28
163,/ssd2/sangmin/datasets/fleurs/audios/train/7847616719483121137.wav,7847616719483121137.wav,Bosnian,bos_Latn,bos,Latn,oni su u svojoj izjavi naveli i da posada trenutno radi na utvrđivanju najboljeg načina za bezbjedno izvlačenje broda.,oni su u svojoj izjavi naveli i da posada trenutno radi na utvrdivanju najboljeg nacina za bezbjedno izvlacenje broda,12.36
440,/ssd2/sangmin/datasets/fleurs/audios/train/14158052310575349648.wav,14158052310575349648.wav,Italian,ita_Latn,ita,Latn,in seguito all'incendio la fortezza è stata conservata e protetta e continua a essere una delle attrazioni più straordinarie del bhutan,in seguito allincendio la fortezza e stata conservata e protetta e continua a essere una delle attrazioni piu straordinarie del bhutan,10.32
1208,/ssd2/sangmin/datasets/fleurs/audios/train/1828159107883229364.wav,1828159107883229364.wav,Italian,ita_Latn,ita,Latn,molti degli ostaggi sono stati salvati almeno sei sono deceduti,molti degli ostaggi sono stati salvati almeno sei sono deceduti,6.06
700,/ssd2/sangmin/datasets/fleurs/audios/train/6903442220232902442.wav,6903442220232902442.wav,Italian,ita_Latn,ita,Latn,questa lettera deve essere legalizzata dal ministero ecuadoriano degli affari esteri inoltre deve essere conforme a determinati requisiti,questa lettera deve essere legalizzata dal ministero ecuadoriano degli affari esteri inoltre deve essere conforme a determinati requisiti,10.62
405,/ssd2/sangmin/datasets/fleurs/audios/train/16654421319606658215.wav,16654421319606658215.wav,Italian,ita_Latn,ita,Latn,i sottomarini tedeschi venivano chiamati u-boot i tedeschi erano molto abili nel guidarli e manovrarli,i sottomarini tedeschi venivano chiamati uboot i tedeschi erano molto abili nel guidarli e manovrarli,10.2
1433,/ssd2/sangmin/datasets/fleurs/audios/train/12483675188282516677.wav,12483675188282516677.wav,Italian,ita_Latn,ita,Latn,oggi molti sámi svolgono professioni moderne. il turismo è un'importante fonte di reddito nel sápmi il territorio dei sámi,oggi molti sami svolgono professioni moderne il turismo e unimportante fonte di reddito nel sapmi il territorio dei sami,12.3
228,/ssd2/sangmin/datasets/fleurs/audios/train/15862542132598767709.wav,15862542132598767709.wav,Italian,ita_Latn,ita,Latn,gli scienziati hanno scoperto le cosiddette scarpate lobate formazioni morfologiche disseminate sulla superficie della luna che sembrano essere il risultato di un lentissimo processo di restringimento di questo satellite naturale,gli scienziati hanno scoperto le cosiddette scarpate lobate formazioni morfologiche disseminate sulla superficie della luna che sembrano essere il risultato di un lentissimo processo di restringimento di questo satellite naturale,15.96
1319,/ssd2/sangmin/datasets/fleurs/audios/train/12063795137817610587.wav,12063795137817610587.wav,Italian,ita_Latn,ita,Latn,la sfinge diventa lo sfondo e la narratrice di un lungo racconto,la sfinge diventa lo sfondo e la narratrice di un lungo racconto,8.46
1114,/ssd2/sangmin/datasets/fleurs/audios/train/10044420072275960692.wav,10044420072275960692.wav,Italian,ita_Latn,ita,Latn,gran parte delle tradizioni legate a questa festività sono state adottate anche dalle persone non credenti nei paesi cristiani e dai non cristiani di tutto il mondo,gran parte delle tradizioni legate a questa festivita sono state adottate anche dalle persone non credenti nei paesi cristiani e dai non cristiani di tutto il mondo,9.84
699,/ssd2/sangmin/datasets/fleurs/audios/train/6212564560776206460.wav,6212564560776206460.wav,Italian,ita_Latn,ita,Latn,per entrare in equador i cittadini cubani in arrivo tramite gli aeroporti internazionali o i punti di ingresso alla frontiera devono aver ricevuto una previa lettera di invito,per entrare in equador i cittadini cubani in arrivo tramite gli aeroporti internazionali o i punti di ingresso alla frontiera devono aver ricevuto una previa lettera di invito,13.38
1494,/ssd2/sangmin/datasets/fleurs/audios/train/9746131441250422820.wav,9746131441250422820.wav,Italian,ita_Latn,ita,Latn,le persone transgender in fase pre-operatoria non devono aspettarsi di passare i controlli senza che la loro privacy e la loro dignità vengano intaccate,le persone transgender in fase preoperatoria non devono aspettarsi di passare i controlli senza che la loro privacy e la loro dignita vengano intaccate,8.76
829,/ssd2/sangmin/datasets/fleurs/audios/train/9092093822251421094.wav,9092093822251421094.wav,Italian,ita_Latn,ita,Latn,il consiglio si basa sul presupposto che i viaggiatori non rubino non violino la proprietà privata non partecipino al mercato illegale non chiedano l'elemosina o diversamente non sfruttino altre persone a proprio vantaggio,il consiglio si basa sul presupposto che i viaggiatori non rubino non violino la proprieta privata non partecipino al mercato illegale non chiedano lelemosina o diversamente non sfruttino altre persone a proprio vantaggio,11.88
1403,/ssd2/sangmin/datasets/fleurs/audios/train/5504868749883835935.wav,5504868749883835935.wav,Italian,ita_Latn,ita,Latn,garantiscono maggiore stabilità al cavaliere ma possono presentare problemi di sicurezza per la possibilità che i piedi del cavaliere vi restino bloccati,garantiscono maggiore stabilita al cavaliere ma possono presentare problemi di sicurezza per la possibilita che i piedi del cavaliere vi restino bloccati,9.42
1390,/ssd2/sangmin/datasets/fleurs/audios/train/8299055846744998546.wav,8299055846744998546.wav,Italian,ita_Latn,ita,Latn,i risultati finali delle elezioni presidenziali e parlamentari in namibia hanno visto la rielezione del presidente in carica hifikepunye pohamba che ha ottenuto un vantaggio significativo,i risultati finali delle elezioni presidenziali e parlamentari in namibia hanno visto la rielezione del presidente in carica hifikepunye pohamba che ha ottenuto un vantaggio significativo,19.2
723,/ssd2/sangmin/datasets/fleurs/audios/train/3934868152768527226.wav,3934868152768527226.wav,Italian,ita_Latn,ita,Latn,la popolazione dei taino nel giro di pochi anni dall'arrivo degli esploratori europei era stata ridotta drasticamente dai conquistatori spagnoli,la popolazione dei taino nel giro di pochi anni dallarrivo degli esploratori europei era stata ridotta drasticamente dai conquistatori spagnoli,10.74
1053,/ssd2/sangmin/datasets/fleurs/audios/train/1419522530482617719.wav,1419522530482617719.wav,Italian,ita_Latn,ita,Latn,al rientro a casa dopo aver vissuto all'estero vi sarete adattati alla nuova cultura e avrete perso alcuni degli usi della vostra cultura di origine,al rientro a casa dopo aver vissuto allestero vi sarete adattati alla nuova cultura e avrete perso alcuni degli usi della vostra cultura di origine,12.54
367,/ssd2/sangmin/datasets/fleurs/audios/train/15830463802109793960.wav,15830463802109793960.wav,Italian,ita_Latn,ita,Latn,l'organo principale dell'apparato circolatorio è il cuore che si occupa di pompare il sangue,lorgano principale dellapparato circolatorio e il cuore che si occupa di pompare il sangue,6.12
229,/ssd2/sangmin/datasets/fleurs/audios/train/4559903603465436544.wav,4559903603465436544.wav,Italian,ita_Latn,ita,Latn,queste scarpate sono state rinvenute dappertutto sulla luna e presentano segni minimi di erosione suggerendo che i fenomeni geologici che le hanno formate sono avvenuti piuttosto di recente,queste scarpate sono state rinvenute dappertutto sulla luna e presentano segni minimi di erosione suggerendo che i fenomeni geologici che le hanno formate sono avvenuti piuttosto di recente,11.4
350,/ssd2/sangmin/datasets/fleurs/audios/train/11940982573914970894.wav,11940982573914970894.wav,Italian,ita_Latn,ita,Latn,gli scienziati sono al lavoro per creare un reattore che produca energia nello stesso modo,gli scienziati sono al lavoro per creare un reattore che produca energia nello stesso modo,6.72
259,/ssd2/sangmin/datasets/fleurs/audios/train/16988630668853572967.wav,16988630668853572967.wav,Italian,ita_Latn,ita,Latn,nonostante le autorità dubitino della credibilità della minaccia l'autorità dei trasporti del maryland ha ordinato la chiusura su esortazione dell'fbi,nonostante le autorita dubitino della credibilita della minaccia lautorita dei trasporti del maryland ha ordinato la chiusura su esortazione dellfbi,9.18
1363,/ssd2/sangmin/datasets/fleurs/audios/train/8589416154494186361.wav,8589416154494186361.wav,Italian,ita_Latn,ita,Latn,in questi luoghi vivono specie rare come l'orso bruno europeo il lupo l'aquila il gufo la lince il gatto selvatico e il gallo cedrone accanto a diverse altre specie animali maggiormente diffuse,in questi luoghi vivono specie rare come lorso bruno europeo il lupo laquila il gufo la lince il gatto selvatico e il gallo cedrone accanto a diverse altre specie animali maggiormente diffuse,11.04
368,/ssd2/sangmin/datasets/fleurs/audios/train/5748213038188714129.wav,5748213038188714129.wav,Italian,ita_Latn,ita,Latn,il sangue si dirama dal cuore attraverso dei tubi denominati arterie e vi fa ritorno attraverso dei tubi denominati vene i tubi più piccoli sono detti capillari,il sangue si dirama dal cuore attraverso dei tubi denominati arterie e vi fa ritorno attraverso dei tubi denominati vene i tubi piu piccoli sono detti capillari,14.58
980,/ssd2/sangmin/datasets/fleurs/audios/train/12228477038811332691.wav,12228477038811332691.wav,Italian,ita_Latn,ita,Latn,possono essere pericolosi se il viaggiatore rincorre il miraggio consumerà energia preziosa e l'acqua residua,possono essere pericolosi se il viaggiatore rincorre il miraggio consumera energia preziosa e lacqua residua,5.82
632,/ssd2/sangmin/datasets/fleurs/audios/train/5840533747715216466.wav,5840533747715216466.wav,Italian,ita_Latn,ita,Latn,fondamentale tra queste abilità è quella di comprendere le intenzioni altrui che ci permette di risolvere possibili ambiguità del comportamento fisico,fondamentale tra queste abilita e quella di comprendere le intenzioni altrui che ci permette di risolvere possibili ambiguita del comportamento fisico,10.32
202,/ssd2/sangmin/datasets/fleurs/audios/train/7256804610198011252.wav,7256804610198011252.wav,Italian,ita_Latn,ita,Latn,i suoi strascichi hanno causato piogge nella maggior parte delle isole anche se per il momento non si segnalano danni o allagamenti,i suoi strascichi hanno causato piogge nella maggior parte delle isole anche se per il momento non si segnalano danni o allagamenti,8.4
1273,/ssd2/sangmin/datasets/fleurs/audios/train/15042504894713341450.wav,15042504894713341450.wav,Central Pashto,pst_Arab,pst,Arab,xinhua خبرې شبکې راپور ورکړی چې دولتي څیړونکو د چهارشنبې په ورځ دوه د پرواز ثبتونکي تورې بکسې لاسته راوړي,xinhua khbre shbke rapwr wrkri tche dwlty tsirwnkw d tchharshnbe ph wrz dwh d prwaz thbtwnky twre bkse lasth rawry,16.92
688,/ssd2/sangmin/datasets/fleurs/audios/train/6463039119642706273.wav,6463039119642706273.wav,Central Pashto,pst_Arab,pst,Arab,ددې زیارت ثروت اوس په دې کې نه دی پاتې بلکې ټول یې قاهرې ته د مصر موزیم ته انتقال کړل,dde ziart thrwt aws ph de ke nh di pate blke twl ie qahre th d msr mwzim th antqal krl,9.6
1104,/ssd2/sangmin/datasets/fleurs/audios/train/18214558443839034801.wav,18214558443839034801.wav,Central Pashto,pst_Arab,pst,Arab,کورني وزې عموما په رمو کې ساتل کیدې چې په غونډیو یا نورو څړ ځایونو کې ګرځیدلې ډیری وختونه د ګاونډو لخوا تمویل شوي چې اکثرا ماشومان یا ځوانان وي د ډیر پراخه پیژندل شوي شپون سره ورته د ګلې يا رمې دا طريقې لاهم کارول کيږي,kwrny wze mwma ph rmw ke satl kide tche ph ghwndiw ia nwrw tsr zaiwnw ke grzidle diri wkhtwnh d gawndw lkhwa tmwil shwy tche akthra mashwman ia zwanan wy d dir prakhh pijndl shwy shpwn srh wrth d gle ya rme da tryqe lahm karwl kygy,28.62
347,/ssd2/sangmin/datasets/fleurs/audios/train/4454566716502664185.wav,4454566716502664185.wav,Central Pashto,pst_Arab,pst,Arab,خلکو ښیښي د څوکیو سره وهلي مګر کړکۍ ماتېدو وړ نه وې,khlkw khikhy d tswkiw srh whly mgr krkye matedw wr nh we,5.64
613,/ssd2/sangmin/datasets/fleurs/audios/train/2202483923293856128.wav,2202483923293856128.wav,Central Pashto,pst_Arab,pst,Arab,موسیقی د ریکارډنګ لپاره زیاتره وخت د عصری کمپیوټرونو څخه کار اخستل کېږی چې د اوازونو دپروسس او د ګډولو لپاره هم تری کار اخستل کېږی,mwsiqi d rikardng lparh ziatrh wkht d sri kmpiwtrwnw tskhh kar akhstl kegi tche d awazwnw dprwss aw d gdwlw lparh hm tri kar akhstl kegi,9.84
566,/ssd2/sangmin/datasets/fleurs/audios/train/1938935683263864396.wav,1938935683263864396.wav,Central Pashto,pst_Arab,pst,Arab,هغه کسان چې په منظم فعالیت کې برخه اخلي د درد په اړه د منفي خيالاتو په لحاظ سره ډیر ملاتړ ته اړتیا لري چې د نورمال فزيکي حرکت له کبله د سخت درد او د ناراحتي احساس ترمينځ توپير په ګوته کوي,hghh ksan tche ph mnzm falit ke brkhh akhly d drd ph arh d mnfy khyalatw ph lhaz srh dir mlatr th artia lry tche d nwrmal fzyky hrkt lh kblh d skht drd aw d narahty ahsas trmynz twpyr ph gwth kwy,18.0
788,/ssd2/sangmin/datasets/fleurs/audios/train/10388052862881369419.wav,10388052862881369419.wav,Central Pashto,pst_Arab,pst,Arab,لیکلی شوي کلمی اکثره وخت د ويل شوي کلمو څخه په پوهیدلو کې هم اسانه وي په ځانګړی ډول دا خبره د ادرسونو په باره کې صدق کوي کوم چې اکثره وخت په ښه ډول نه تلفظ کېږی,likli shwy klmi akthrh wkht d wyl shwy klmw tskhh ph pwhidlw ke hm asanh wy ph zangri dwl da khbrh d adrswnw ph barh ke sdq kwy kwm tche akthrh wkht ph khh dwl nh tlfz kegi,10.74
930,/ssd2/sangmin/datasets/fleurs/audios/train/3342262762679703776.wav,3342262762679703776.wav,Central Pashto,pst_Arab,pst,Arab,بعضې وختونه همدا یو ډول پرواز په مختلفو ځایونو کې مختلف قیمتونه لري او دا د نتیجو د پرتله کولو او په خپله د هوایي شرکت په ویبپاڼه کې د نوم د ثبت څخه وړاندې د پلټنې لپاره پیسې ورکوي,bde wkhtwnh hmda iw dwl prwaz ph mkhtlfw zaiwnw ke mkhtlf qimtwnh lry aw da d ntijw d prtlh kwlw aw ph khplh d hwaiy shrkt ph wibpanh ke d nwm d thbt tskhh wrande d pltne lparh pise wrkwy,15.0
881,/ssd2/sangmin/datasets/fleurs/audios/train/4879641333108591669.wav,4879641333108591669.wav,Central Pashto,pst_Arab,pst,Arab,کيدې شي چې دا اړتیاوې د هغه څه پورې اړه ولري چې کومو هیوادونو ته مسافر تللی دی او یا د هغې د لیدو اراده لري,kyde shy tche da artiawe d hghh tsh pwre arh wlry tche kwmw hiwadwnw th msafr tlli di aw ia d hghe d lidw aradh lry,13.08
808,/ssd2/sangmin/datasets/fleurs/audios/train/7506414762757753134.wav,7506414762757753134.wav,Central Pashto,pst_Arab,pst,Arab,قهوه په نړۍ کې د ډیرو تجارتی توکو څخه یو دي چې تاسی یې شاید په خپل کورنۍ ساحه کې څو ډولونه پیدا کړۍ,qhwh ph nrye ke d dirw tjarti twkw tskhh iw dy tche tasi ie shaid ph khpl kwrnye sahh ke tsw dwlwnh pida krye,10.32
1454,/ssd2/sangmin/datasets/fleurs/audios/train/15734947572033049140.wav,15734947572033049140.wav,Central Pashto,pst_Arab,pst,Arab,د سټیشن ویبپاڼه دا خپرونه د  ښوونځې زوړ تیاتر سره د نوي او بد اخلاقه، بې خونده دوکې  په شان تشریح کوي,d stishn wibpanh da khprwnh d khwwnze zwr tiatr srh d nwy aw bd akhlaqh be khwndh dwke ph shan tshrih kwy,8.88
695,/ssd2/sangmin/datasets/fleurs/audios/train/5200396498414704197.wav,5200396498414704197.wav,Central Pashto,pst_Arab,pst,Arab,د جوډین تپې پخوانی ښار زړه راښکونکی تاریخ لري چې د زرګونو کلونو څخه اوړي,d jwdin tpe pkhwani khar zrh rakhkwnki tarikh lry tche d zrgwnw klwnw tskhh awry,8.88
313,/ssd2/sangmin/datasets/fleurs/audios/train/17748513062293336015.wav,17748513062293336015.wav,Central Pashto,pst_Arab,pst,Arab,ديرش کلن خاوند چې په بفلو کې زیږیدلی و د څلورو هغه کسانو څخه یو دي چې په ډزو کې وژل شوي مګر د ښڅه یې نه ده ټپی شوي,dyrsh kln khawnd tche ph bflw ke zigidli w d tslwrw hghh ksanw tskhh iw dy tche ph dzw ke wjl shwy mgr d khtsh ie nh dh tpi shwy,19.26
344,/ssd2/sangmin/datasets/fleurs/audios/train/6697984781086169531.wav,6697984781086169531.wav,Central Pashto,pst_Arab,pst,Arab,تیره اوونی ښکاره خبر ددې خبری اعلان وکړ چې ډرامایې ډول به د درې نوي خپرونو سره د نړیوالو ژبو راپور ورکولو مقرری زیاته کړي,tirh awwni khkarh khbr dde khbri alan wkr tche dramaie dwl bh d dre nwy khprwnw srh d nriwalw jbw rapwr wrkwlw mqrri ziath kry,8.58
1368,/ssd2/sangmin/datasets/fleurs/audios/train/15799648329782404741.wav,15799648329782404741.wav,Central Pashto,pst_Arab,pst,Arab,که دوی شیان د هوایي بار وړلو الوتکې له لارې لیږلي وي نو کيدې شي چې دې په ځینو لارو کې د بار کوزولو او ګمرکونو له کبله يې ډیرې ورځې اخيستې وي,kh dwi shian d hwaiy bar wrlw alwtke lh lare ligly wy nw kyde shy tche de ph zinw larw ke d bar kwzwlw aw gmrkwnw lh kblh ye dire wrze akhyste wy,11.22
84,/ssd2/sangmin/datasets/fleurs/audios/train/6977843958559162389.wav,6977843958559162389.wav,Central Pashto,pst_Arab,pst,Arab,د دې دوهم منګول لوی وه د هیسپرونیچوس نوم ته وده ورکړه چې معنی یې لویدیځه منګول ده,d de dwhm mngwl lwi wh d hisprwnitchws nwm th wdh wrkrh tche mni ie lwidizh mngwl dh,12.72
437,/ssd2/sangmin/datasets/fleurs/audios/train/1360805230977956627.wav,1360805230977956627.wav,Central Pashto,pst_Arab,pst,Arab,drukgual dzong یوه ویجاړه شوې قلعه ده او بودایی خانقاه د پارو ولسوالۍ په پورتنۍ برخه کې په phondey کلي کې,drukgual dzong iwh wijarh shwe qlh dh aw bwdaii khanqah d parw wlswalye ph pwrtnye brkhh ke ph phondey kly ke,14.88
810,/ssd2/sangmin/datasets/fleurs/audios/train/12672697591715910363.wav,12672697591715910363.wav,Central Pashto,pst_Arab,pst,Arab,کنیوېنګ یا:کېنیونیرنګ د درې بیخ ته د تلو څخه عبارت ده چې د درې لاندې ځای وچ دي او که هلته اوبه شته,kniweng ia keniwnirng d dre bikh th d tlw tskhh bart dh tche d dre lande zai wtch dy aw kh hlth awbh shth,7.08
366,/ssd2/sangmin/datasets/fleurs/audios/train/2743645097893787819.wav,2743645097893787819.wav,Central Pashto,pst_Arab,pst,Arab,دا ځکه چې که چېرته ته د ساکټ دننه برخه یا فلزی قاعده چې تر اوسه یو څه په ساکټ کې ده په تماس کې شي نو هغه بریښنا چې ساکټ ته راځي د څراغ فلزی برخه د تیز برقی شارټ سبب کېدای شي,da zkh tche kh tcherth th d sakt dnnh brkhh ia flzi qadh tche tr awsh iw tsh ph sakt ke dh ph tmas ke shy nw hghh brikhna tche sakt th razy d tsragh flzi brkhh d tiz brqi shart sbb kedai shy,23.58
37,/ssd2/sangmin/datasets/fleurs/audios/train/16141952505244763616.wav,16141952505244763616.wav,Central Pashto,pst_Arab,pst,Arab,د کار کولو ځای کې د نوي پنځه اسمان څکالو جوړونه روانه ده چې په مينځ کې به يې د ترانسپورت مرکز او د يادګار پارک موجود وي,d kar kwlw zai ke d nwy pnzh asman tskalw jwrwnh rwanh dh tche ph mynz ke bh ye d transpwrt mrkz aw d yadgar park mwjwd wy,9.96
509,/ssd2/sangmin/datasets/fleurs/audios/train/11531943653008303861.wav,11531943653008303861.wav,Tajik,tgk_Cyrl,tgk,Cyrl,бемории норасоии диққат синдроми неврологи буда сегонаи классикии нишонаҳоро муаян карда дар бар мегирад масалан импулсият парешонхотирӣ ва гиперактивӣ ё ин ки энергияи барзиёд,bemorii norasoii dikkat sindromi nevrologi buda segonai klassikii nishonahoro muayan karda dar bar megirad masalan impulsiyat pareshonkhotiri va giperaktivi e in ki energiyai barzied,18.0
525,/ssd2/sangmin/datasets/fleurs/audios/train/14810415586368364356.wav,14810415586368364356.wav,Tajik,tgk_Cyrl,tgk,Cyrl,таъсир ба он вобаста аст ки мағзи сари шумо дар як шаб кӯшиши чи қадар хоб диданро мекунадд,tasir ba on vobasta ast ki maghzi sari shumo dar yak shab kushishi chi kadar khob didanro mekunadd,9.24
1437,/ssd2/sangmin/datasets/fleurs/audios/train/8466164908049005865.wav,8466164908049005865.wav,Tajik,tgk_Cyrl,tgk,Cyrl,ин гуна рафтор байни пешвоҳо ва дигар аъзоёни даста нофаҳмӣ меорад,in guna raftor baini peshvoho va digar azoeni dasta nofahmi meorad,6.6
757,/ssd2/sangmin/datasets/fleurs/audios/train/18022871134548956509.wav,18022871134548956509.wav,Tajik,tgk_Cyrl,tgk,Cyrl,асбобу олати кӯҳна набудани шароити муосир ва хушандомии мушаххаси пирӣ низ ҷузъи хислати онҳо ба шумор меравад,asbobu olati kuhna nabudani sharoiti muosir va khushandomii mushakhkhasi piri niz chuzi khislati onho ba shumor meravad,13.8
369,/ssd2/sangmin/datasets/fleurs/audios/train/16264223507874741115.wav,16264223507874741115.wav,Tajik,tgk_Cyrl,tgk,Cyrl,трисератопс метавонст бо дандонҳояш натанҳо баргҳо ҳатто шохаҳо ва решаҳои хеле боқувватро пора намояд,triseratops metavonst bo dandonhoyash natanho bargho hatto shokhaho va reshahoi khele bokuvvatro pora namoyad,11.16
94,/ssd2/sangmin/datasets/fleurs/audios/train/9571986529522416051.wav,9571986529522416051.wav,Tajik,tgk_Cyrl,tgk,Cyrl,ин ба ҳисоботҳои пештар мухолиф аст ки дар онҳо гуфта мешуд ки бекор кардани марҳилаи дуюм ин вайрон кардани сарқонун мебошад,in ba hisobothoi peshtar mukholif ast ki dar onho gufta meshud ki bekor kardani marhilai duyum in vairon kardani sarkonun meboshad,11.46
1310,/ssd2/sangmin/datasets/fleurs/audios/train/5577983464850865184.wav,5577983464850865184.wav,Tajik,tgk_Cyrl,tgk,Cyrl,билохира роҳбар барои муваффақият ва нокомии даста пурра масъул мебошад,bilokhira rohbar baroi muvaffakiyat va nokomii dasta purra masul meboshad,10.32
912,/ssd2/sangmin/datasets/fleurs/audios/train/9773565023920758210.wav,9773565023920758210.wav,Tajik,tgk_Cyrl,tgk,Cyrl,азбаски зангҳо тавассути интернет равона мешаванд шумо эҳтиёҷоти истифодаи ширкати мобилии назди хонаатон бударо ва ё назди ҷойи саёҳататон бударо надоред,azbaski zangho tavassuti internet ravona meshavand shumo ehtiechoti istifodai shirkati mobilii nazdi khonaaton budaro va e nazdi choii saehataton budaro nadored,12.54
265,/ssd2/sangmin/datasets/fleurs/audios/train/13955029179781088477.wav,13955029179781088477.wav,Tajik,tgk_Cyrl,tgk,Cyrl,новобаста аз гум шудани гироскоп дар оғози парвози истгоҳи кайҳонӣ истгоҳи мазкур то ба охири баромад ба коиноти кушод мавқеи худро нигоҳ дошт,novobasta az gum shudani giroskop dar oghozi parvozi istgohi kaihoni istgohi mazkur to ba okhiri baromad ba koinoti kushod mavkei khudro nigoh dosht,11.46
675,/ssd2/sangmin/datasets/fleurs/audios/train/3344004070222421681.wav,3344004070222421681.wav,Tajik,tgk_Cyrl,tgk,Cyrl,бо мошин ворид шудан ба африқои ҷанубӣ ин як роҳи аҷибе барои дидани тамоми зебогии минтақа инчунин рафтан ба ҷойҳои берун аз масирҳои муқаррарии сайёҳӣ ба ҳисоб меравад,bo moshin vorid shudan ba afrikoi chanubi in yak rohi achibe baroi didani tamomi zebogii mintaka inchunin raftan ba choihoi berun az masirhoi mukarrarii saiehi ba hisob meravad,15.06
1277,/ssd2/sangmin/datasets/fleurs/audios/train/2545300622653707019.wav,2545300622653707019.wav,Tajik,tgk_Cyrl,tgk,Cyrl,агар шумоканнодии хурд вале боҳашамат хоҳед  вобаста ба минтақа он чизҳоеро ки берлинер пфаннкухен ё крапфен меноманд бичашед,agar shumokannodii khurd vale bohashamat khohed vobasta ba mintaka on chizhoero ki berliner pfannkukhen e krapfen menomand bichashed,15.06
928,/ssd2/sangmin/datasets/fleurs/audios/train/6107061050569067217.wav,6107061050569067217.wav,Tajik,tgk_Cyrl,tgk,Cyrl,парвози ҳавопаймои бесарнишин дар наздикии фурудгоҳ ё болои издиҳоми одамон қариб ҳамеша фикри хуб бад мебошад ҳатто агар амали мазкур дар минтақаи шумо дар доираи қонун бошад,parvozi havopaimoi besarnishin dar nazdikii furudgoh e boloi izdihomi odamon karib hamesha fikri khub bad meboshad hatto agar amali mazkur dar mintakai shumo dar doirai konun boshad,15.24
1474,/ssd2/sangmin/datasets/fleurs/audios/train/18437472706069021399.wav,18437472706069021399.wav,Tajik,tgk_Cyrl,tgk,Cyrl,бино ба иттилои мика o'флинн иҷрокунандаи вазифаи мудири ҳифзи боғ ва меросии хмбв хадамоти миллии боғҳо ва табиати вуҳуш  чор тирандоз барои аввалин амалиёти тирандозӣ интихобшуда дастури муфассал оид ба техникаи бехатарӣ ва омӯзишро дастрас намуданд,bino ba ittiloi mika oflinn ichrokunandai vazifai mudiri hifzi bogh va merosii khmbv khadamoti millii boghho va tabiati vuhush chor tirandoz baroi avvalin amalieti tirandozi intikhobshuda dasturi mufassal oid ba tekhnikai bekhatari va omuzishro dastras namudand,22.92
1156,/ssd2/sangmin/datasets/fleurs/audios/train/4516130092155233233.wav,4516130092155233233.wav,Tajik,tgk_Cyrl,tgk,Cyrl,рамзи камонаки боло ба ҳарфи v монанд аст рамзи камонаки поён бошад ба ҳалқа ё квадрате ки қисми поёнаш нест монанд аст,ramzi kamonaki bolo ba harfi v monand ast ramzi kamonaki poen boshad ba halka e kvadrate ki kismi poenash nest monand ast,13.32
376,/ssd2/sangmin/datasets/fleurs/audios/train/9180148251180096277.wav,9180148251180096277.wav,Tajik,tgk_Cyrl,tgk,Cyrl,дар офтоб қишре ба монанди замин вуҷуд надорад ки шумо дар болои он истода тавонед тамоми офтоб аз газҳо оташ ва плазма иборат мебошад,dar oftob kishre ba monandi zamin vuchud nadorad ki shumo dar boloi on istoda tavoned tamomi oftob az gazho otash va plazma iborat meboshad,16.56
926,/ssd2/sangmin/datasets/fleurs/audios/train/10218413369618647656.wav,10218413369618647656.wav,Tajik,tgk_Cyrl,tgk,Cyrl,агар ба шумо иҷозати танҳо аксбардорӣ дода нашавад пас шумо набояд ҳатто дар бораи сабти видеои он фикр кунед,agar ba shumo ichozati tanho aksbardori doda nashavad pas shumo naboyad hatto dar borai sabti videoi on fikr kuned,8.16
168,/ssd2/sangmin/datasets/fleurs/audios/train/8500920041421888329.wav,8500920041421888329.wav,Tajik,tgk_Cyrl,tgk,Cyrl,ҳамлаи мазкур ба муносиботи миёни ҳиндустон ва покистон фишори шадид овард,hamlai mazkur ba munosiboti mieni hinduston va pokiston fishori shadid ovard,6.48
199,/ssd2/sangmin/datasets/fleurs/audios/train/17350226071951731096.wav,17350226071951731096.wav,Tajik,tgk_Cyrl,tgk,Cyrl,ба ғайр аз доштани таб ва дарди гулӯ ман худро хуб ва беҳтар эҳсос мекунам то ки вазифа кори худро фосилавӣ иҷро кунам,ba ghair az doshtani tab va dardi gulu man khudro khub va behtar ehsos mekunam to ki vazifa kori khudro fosilavi ichro kunam,9.72
153,/ssd2/sangmin/datasets/fleurs/audios/train/1132174757320365287.wav,1132174757320365287.wav,Kirghiz,kir_Cyrl,kir,Cyrl,virgin кызматы nothern rock'тон активдер боюнча компанияны эмес болгону анын жакшы банкын сатып алды,virgin kizmati nothern rockton aktivder boyuncha kompaniyani emes bolgonu anin zhakshi bankin satip aldi,8.7
476,/ssd2/sangmin/datasets/fleurs/audios/train/17892812671973732444.wav,17892812671973732444.wav,Kirghiz,kir_Cyrl,kir,Cyrl,окуя боюнча ал үчүн атак-даңкка бардык жолдор менен жетүү керек болгон андыктан ачууланган эфестиктер геростраттын ысымын эч качан жазбайбыз деп жарыялашкан,okuya boyuncha al uchun atakdangkka bardik zholdor menen zhetuu kerek bolgon andiktan achuulangan efestikter gerostrattin isimin ech kachan zhazbaybiz dep zhariyalashkan,12.84
93,/ssd2/sangmin/datasets/fleurs/audios/train/2061169242631072003.wav,2061169242631072003.wav,Kirghiz,kir_Cyrl,kir,Cyrl,дипломаттар кайра шайлоону керексиз деп аныктоо үчүн афганистан конституциясында жетиштүү сандагы эки ачалыктарды аныктаганын айтышты,diplomattar kayra shayloonu kereksiz dep aniktoo uchun afganistan konstitutsiyasinda zhetishtuu sandagi eki achaliktardi aniktaganin aytishti,15.12
651,/ssd2/sangmin/datasets/fleurs/audios/train/17295528377959104876.wav,17295528377959104876.wav,Kirghiz,kir_Cyrl,kir,Cyrl,wifi же интернетке туташкан компьютер мейманканаңызда же хосттордо эгер конок үйүндө же жеке үйдө калсаңыз болот жана эл жашаган бардык жерде интернет-кафе же коомдук wifi'ы бар жерлерди таба аласыз,wifi zhe internetke tutashkan kompyuter meymankanangizda zhe khosttordo eger konok uyundo zhe zheke uydo kalsangiz bolot zhana el zhashagan bardik zherde internetkafe zhe koomduk wifii bar zherlerdi taba alasiz,19.8
1186,/ssd2/sangmin/datasets/fleurs/audios/train/5045718988423178122.wav,5045718988423178122.wav,Kirghiz,kir_Cyrl,kir,Cyrl,фарс тилинин грамматикасы салыштырмалуу оңой жана башка тилдердикине окшош грамматика болуп саналат,fars tilinin grammatikasi salishtirmaluu ongoy zhana bashka tilderdikine okshosh grammatika bolup sanalat,8.64
171,/ssd2/sangmin/datasets/fleurs/audios/train/18398948028915486626.wav,18398948028915486626.wav,Kirghiz,kir_Cyrl,kir,Cyrl,губернатор ошондой эле бүгүн биз бейтап менен байланышта болгон айрым мектеп жашындагы балдардын аныкталганын билдик деп айтты,gubernator oshondoy ele bugun biz beytap menen baylanishta bolgon ayrim mektep zhashindagi baldardin aniktalganin bildik dep aytti,12.06
1016,/ssd2/sangmin/datasets/fleurs/audios/train/17879986808437280022.wav,17879986808437280022.wav,Kirghiz,kir_Cyrl,kir,Cyrl,атомдор ушунчалык кичине болгондуктан алардын триллиону ушул сүйлөмдүн аягындагы чекитке батып калат,atomdor ushunchalik kichine bolgonduktan alardin trillionu ushul suylomdun ayagindagi chekitke batip kalat,10.5
847,/ssd2/sangmin/datasets/fleurs/audios/train/15156418584125969726.wav,15156418584125969726.wav,Kirghiz,kir_Cyrl,kir,Cyrl,бумеранг ыргытуу туристтердин көпчүлүгү үйрөнгүсү келген өнөр,bumerang irgituu turistterdin kopchulugu uyrongusu kelgen onor,5.52
917,/ssd2/sangmin/datasets/fleurs/audios/train/8893564478135216100.wav,8893564478135216100.wav,Kirghiz,kir_Cyrl,kir,Cyrl,котормо каражаттарынын сапаты кескин түрдө жакшырды алар учурда аздыр-көптүр туура котормолорду сунуштайт ката котормолор сейрек бирок каталар да болуп калышы мүмкүн андыктан көңүл буруу керек,kotormo karazhattarinin sapati keskin turdo zhakshirdi alar uchurda azdirkoptur tuura kotormolordu sunushtayt kata kotormolor seyrek birok katalar da bolup kalishi mumkun andiktan kongul buruu kerek,14.46
388,/ssd2/sangmin/datasets/fleurs/audios/train/15304706720378911186.wav,15304706720378911186.wav,Kirghiz,kir_Cyrl,kir,Cyrl,ал хангыль алфавитин башында хунмин чоным деп атаган жана анын мааниси элге туура үндөрдү уйрөтүү болчу,al khangil alfavitin bashinda khunmin chonim dep atagan zhana anin maanisi elge tuura undordu uyrotuu bolchu,11.76
1148,/ssd2/sangmin/datasets/fleurs/audios/train/10093014285625900128.wav,10093014285625900128.wav,Kirghiz,kir_Cyrl,kir,Cyrl,февраль айынын башында бир нече киши ар түрдүү аппараттык камсыздоону жана программаларды колдонуу менен ачылышты ырасташты бул шейшемби күнү жарыяланды,fevral ayinin bashinda bir neche kishi ar turduu apparattik kamsizdoonu zhana programmalardi koldonuu menen achilishti irastashti bul sheyshembi kunu zhariyalandi,12.72
993,/ssd2/sangmin/datasets/fleurs/audios/train/8067931260959437084.wav,8067931260959437084.wav,Kirghiz,kir_Cyrl,kir,Cyrl,көп учурда тоо станцияларынын туристтик сезону кечки күзгө туш келет,kop uchurda too stantsiyalarinin turisttik sezonu kechki kuzgo tush kelet,7.74
1053,/ssd2/sangmin/datasets/fleurs/audios/train/11916074103780444167.wav,11916074103780444167.wav,Kirghiz,kir_Cyrl,kir,Cyrl,чет өлкөдө жашап келгенден кийин жаңы маданиятка көнүп өзүңүздүн маданиятка тийиштүү болгон кээ бир адаттарды унутуп калгансыз,chet olkodo zhashap kelgenden kiyin zhangi madaniyatka konup ozunguzdun madaniyatka tiyishtuu bolgon kee bir adattardi unutup kalgansiz,11.94
311,/ssd2/sangmin/datasets/fleurs/audios/train/13579056956038754049.wav,13579056956038754049.wav,Kirghiz,kir_Cyrl,kir,Cyrl,расмий юбилей иш-чарасы кийинчерээк өткөрүлөт деп кызмат адамдары айтты,rasmy yubiley ishcharasi kiyinchereek otkorulot dep kizmat adamdari aytti,7.86
1096,/ssd2/sangmin/datasets/fleurs/audios/train/14882204948457100158.wav,14882204948457100158.wav,Kirghiz,kir_Cyrl,kir,Cyrl,балтика деңизинде круиздердин көбү россиянын санкт-петербург шаарында узак мөөнөткө токтотуу менен айырмаланат,baltika dengizinde kruizderdin kobu rossiyanin sanktpeterburg shaarinda uzak moonotko toktotuu menen ayirmalanat,8.52
869,/ssd2/sangmin/datasets/fleurs/audios/train/14684757649012535837.wav,14684757649012535837.wav,Kirghiz,kir_Cyrl,kir,Cyrl,климатташууңуз үчүн алгачкы күндөрүңүздө айрыкча батыш стилиндеги жана сапатындагы отелдерди кызматтарды жана тамактарды колдонууну ойлонуп көрүңүз,klimattashuunguz uchun algachki kundorunguzdo ayrikcha batish stilindegi zhana sapatindagi otelderdi kizmattardi zhana tamaktardi koldonuunu oylonup korunguz,13.98
134,/ssd2/sangmin/datasets/fleurs/audios/train/5563061459322080328.wav,5563061459322080328.wav,Kirghiz,kir_Cyrl,kir,Cyrl,бул белги тышынан бузулган эмес е кичине тамгасын окуу үчүн о тамгасы тынчтык жана жүрөк белгилери менен кооздолгон кара брезенттер колдонулуп өзгөртүлгөн,bul belgi tishinan buzulgan emes e kichine tamgasin okuu uchun o tamgasi tinchtik zhana zhurok belgileri menen koozdolgon kara brezentter koldonulup ozgortulgon,16.5
170,/ssd2/sangmin/datasets/fleurs/audios/train/8227738189181496366.wav,8227738189181496366.wav,Kirghiz,kir_Cyrl,kir,Cyrl,перри түз эле дүйнө жүзү боюнча мындай жагдайда коюлган сыноого бет алуу үчүн мыкты жабдылган бир аз гана жерлер бар деп айтты,perri tuz ele duyno zhuzu boyuncha minday zhagdayda koyulgan sinoogo bet aluu uchun mikti zhabdilgan bir az gana zherler bar dep aytti,10.68
883,/ssd2/sangmin/datasets/fleurs/audios/train/12110240792994023111.wav,12110240792994023111.wav,Kirghiz,kir_Cyrl,kir,Cyrl,бул жерге ар түрдүү аймактардан көчкөндөр көчүүсүнүн негизги себеби катары үй-бүлөлүк достукту белгилешет ал эми туристтер шаарда балдар менен эс алуу жеңил деп ойлошот,bul zherge ar turduu aymaktardan kochkondor kochuusunun negizgi sebebi katari uybuloluk dostuktu belgileshet al emi turistter shaarda baldar menen es aluu zhengil dep oyloshot,12.0
463,/ssd2/sangmin/datasets/fleurs/audios/train/7487253871364452090.wav,7487253871364452090.wav,Kirghiz,kir_Cyrl,kir,Cyrl,бул сүрөттүн бүтүндөй экранды каптоосу үчүн жасалган ал overscan деп аталат,bul surottun butundoy ekrandi kaptoosu uchun zhasalgan al overscan dep atalat,7.86
853,/ssd2/sangmin/datasets/fleurs/audios/train/12753398520241636031.wav,12753398520241636031.wav,Kirghiz,kir_Cyrl,kir,Cyrl,роторуанын айрым жерлеринде геотермалдык хангилер ал эми веллингтон крайстчерч жана башка жерлерде хангилердин башка түрлөрү бар,rotoruanin ayrim zherlerinde geotermaldik khangiler al emi vellington kraystcherch zhana bashka zherlerde khangilerdin bashka turloru bar,11.64
1316,/ssd2/sangmin/datasets/fleurs/audios/train/2425831091034169584.wav,2425831091034169584.wav,Kirghiz,kir_Cyrl,kir,Cyrl,аймактарда айрым жолдорго доо кетип темир жол кызматынын иши токтоду ал эми ишикава префектурасындагы ното аэропорту дагы эле ачыла элек,aymaktarda ayrim zholdorgo doo ketip temir zhol kizmatinin ishi toktodu al emi ishikava prefekturasindagi noto aeroportu dagi ele achila elek,11.34
13,/ssd2/sangmin/datasets/fleurs/audios/train/677636840478793834.wav,677636840478793834.wav,Belarusian,bel_Cyrl,bel,Cyrl,нядаўна ён на міжнародным тэнісным турніры «брысбен оўпэн» прайграў раонічу,nyadauna yon na mizhnarodnym tenisnym turniry brysben oupen prajhrau raonichu,8.52
1378,/ssd2/sangmin/datasets/fleurs/audios/train/1683112322421715233.wav,1683112322421715233.wav,Belarusian,bel_Cyrl,bel,Cyrl,тэарэтычны падыход да даследавання пазнання падмацоўваецца фізічнымі доказамі ў форме нейрабіялагічных даных тым самым вобласць даследавання звужаецца і робіцца больш дакладнай,tearetychny padykhod da dasledavannya paznannya padmatsouvaetstsa fizichnymi dokazami u forme nejrabiyalahichnykh danykh tym samym voblasts dasledavannya zvuzhaetstsa i robitstsa bolsh dakladnaj,18.84
1469,/ssd2/sangmin/datasets/fleurs/audios/train/14924627184793615103.wav,14924627184793615103.wav,Belarusian,bel_Cyrl,bel,Cyrl,адпаведна гослінга і стоўн намінавалі на лепшую мужчынскую і жаночую ролю,adpavedna hoslinha i stoun naminavali na lepshuyu muzhchynskuyu i zhanochuyu rolyu,6.18
758,/ssd2/sangmin/datasets/fleurs/audios/train/3336390336757849004.wav,3336390336757849004.wav,Belarusian,bel_Cyrl,bel,Cyrl,у іх час ад часу спыняюцца кіраўнікі дзяржаў і іншыя высокапастаўленыя асобы нягледзячы на тое што як правіла такія гатэлі знаходзяцца ў прыватнай уласнасці,u ikh chas ad chasu spynyayutstsa kirauniki dzyarzhau i inshyya vysokapastaulenyya asoby nyahledzyachy na toe shto yak pravila takiya hateli znakhodzyatstsa u pryvatnaj ulasnastsi,14.4
883,/ssd2/sangmin/datasets/fleurs/audios/train/15499261468926431580.wav,15499261468926431580.wav,Belarusian,bel_Cyrl,bel,Cyrl,асноўнай прычынай пераезду жыхары іншых раёнаў часта называюць зручнасць для ўсёй сям'і а наведвальнікам горада як правіла падабаецца бавіць тут час разам з дзецьмі,asnounaj prychynaj peraezdu zhykhary inshykh rayonau chasta nazyvayuts zruchnasts dlya usyoj syami a navedvalnikam horada yak pravila padabaetstsa bavits tut chas razam z dzetsmi,12.06
216,/ssd2/sangmin/datasets/fleurs/audios/train/7740575598965121542.wav,7740575598965121542.wav,Belarusian,bel_Cyrl,bel,Cyrl,на сённяшнім пасяджэнні міжнароднага алімпійскага камітэта ў берліне яго выканаўчы орган прагаласаваў за ўключэнне гэтых відаў спорту ў праграму гульняў. рэгбі у прыватнасці яго разнавіднасць рэгбі-юніан і гольф былі абраны сярод пяці іншых відаў спорту уключэнне якіх у алімпійскія гульні разглядалася камітэтам,na syonnyashnim pasyadzhenni mizhnarodnaha alimpijskaha kamiteta u berline yaho vykanauchy orhan prahalasavau za uklyuchenne hetykh vidau sportu u prahramu hulnyau rehbi u pryvatnastsi yaho raznavidnasts rehbiyunian i holf byli abrany syarod pyatsi inshykh vidau sportu uklyuchenne yakikh u alimpijskiya hulni razhlyadalasya kamitetam,31.14
520,/ssd2/sangmin/datasets/fleurs/audios/train/83748535412979364.wav,83748535412979364.wav,Belarusian,bel_Cyrl,bel,Cyrl,пра згаданы пераход у рабоце рукі ад перасоўвання прадметаў да выканання аперацый сведчаць выкапні костак рук узростам ад двух да трох мільёнаў гадоў,pra zhadany perakhod u rabotse ruki ad perasouvannya pradmetau da vykanannya aperatsyj svedchats vykapni kostak ruk uzrostam ad dvukh da trokh milyonau hadou,15.3
596,/ssd2/sangmin/datasets/fleurs/audios/train/17513117135902604146.wav,17513117135902604146.wav,Belarusian,bel_Cyrl,bel,Cyrl,клетка ўяўляе сабой самую маленькую функцыянальную і структурную адзінку любога жывога арганізма,kletka uyaulyae saboj samuyu malenkuyu funktsyyanalnuyu i strukturnuyu adzinku lyuboha zhyvoha arhanizma,10.02
406,/ssd2/sangmin/datasets/fleurs/audios/train/6678288206686692873.wav,6678288206686692873.wav,Belarusian,bel_Cyrl,bel,Cyrl,пасля вайны германіі не дазволілі мець шмат падводных лодак з-за іх паспяховага выкарыстання,paslya vajny hermanii ne dazvolili mets shmat padvodnykh lodak zza ikh paspyakhovaha vykarystannya,9.42
